Timestep,A0,A1,A2,A3,A4,A5,A6,A7
1.0,0.052600294,0.066940635,0.032486737,0.10136622,0.06614548,0.13483268,0.0457848,0.2306948
5000.0,0.28454742,0.30512056,0.13482001,0.17571397,0.056307882,0.17913488,0.18625739,0.23694655
10000.0,0.18241124,0.04757163,0.03453645,0.1724529,0.03252864,0.278729,0.0025712848,0.035506427
15000.0,0.20112546,0.0058480203,0.114032656,0.21382931,0.043750584,0.09819424,0.026143014,0.002356708
