Timestep,A0,A1,A2,A3,A4,A5,A6,A7
1.0,0.041355997,0.15777484,0.16601907,0.14446947,0.076440275,0.046201766,0.19525193,0.17304337
5000.0,0.06610757,0.22361548,0.21339455,0.06310636,0.038933843,0.26354837,0.30821675,0.32347816
