Timestep,A0,A1,A2,A3,A4,A5,A6,A7
0.21663627,0.0,0.07799563,0.011747748,0.015927732,0.032874525,0.1695498,0.006416321,0.12132886
0.051085413,0.05641666,0.08414456,0.15531555,0.026645184,0.0,0.107511014,0.11186078,0.05651021
